date,id,type,amount_msat,amount_fiat,fee_credit_msat,mining_fee_sat,mining_fee_fiat,service_fee_msat,service_fee_fiat,payment_hash,tx_id,destination,description
2025-02-03T19:54:44.304Z,34bdba34-c8ef-4e82-bcd5-30a7cb30d18d,swap_in,144000000,145.4873 USD,0,850,0.8587 USD,1000000,1.0103 USD,,230442ef83ac384514178ef2dd9808bf6c33c242df23b648a6677ee94da6caad,,binance Colombia incoming
2025-02-03T20:14:25.088Z,24f2a2b5-796b-42d0-94d9-1e7017ca3e68,lightning_sent,-6090248,6.1531 USD,0,0,0.0000 USD,28248,0.0285 USD,c2cc8c603a29c1e90f5c94053419f31ce8bc67a603bbb8207b13c7c85d3773d3,,0380c5536d70b81137cb72fc71c262f50a3ec5a6fa9e517ef3637d889fb0b7e3db,@lnp2pBot - Depósito en garantía Orden #67a0d5adcef4306544dbce9f - VENTA x COP 25000 - SE CONGELA EN BILLETERA. Se libera una vez ejecute /release. Retorna a la wallet si el comprador no confirma el pago
2025-02-03T20:05:51.566Z,d893beb4-be59-468d-b392-060e73be772d,lightning_sent,-6879392,7.0156 USD,0,0,0.0000 USD,31392,0.0320 USD,ae4ec69210fe21fe756efd18cea967eb2b3d19f7f46f7d5ae55e600cf5de881c,,0380c5536d70b81137cb72fc71c262f50a3ec5a6fa9e517ef3637d889fb0b7e3db,@lnp2pBot - Depósito en garantía Orden #67a03c88cef4306544db673c - VENTA x COP 28000 - SE CONGELA EN BILLETERA. Se libera una vez ejecute /release. Retorna a la wallet si el comprador no confirma el pago
2025-02-03T20:20:54.823Z,7225b5e8-d28c-4430-8c77-ceb599a60d55,lightning_sent,-24079920,24.5568 USD,0,0,0.0000 USD,99920,0.1018 USD,5e8de85d11d6981d1e133298d2317942bddbde7512d5bb858594cb34413f1f6c,,0380c5536d70b81137cb72fc71c262f50a3ec5a6fa9e517ef3637d889fb0b7e3db,@lnp2pBot - Depósito en garantía Orden #67a0c2f9cef4306544dba99b - VENTA x COP 100000 - SE CONGELA EN BILLETERA. Se libera una vez ejecute /release. Retorna a la wallet si el comprador no confirma el pago
2025-02-03T21:31:49.971Z,776ca624-254c-4a4d-9821-f60e095b91a1,lightning_sent,-19712520,19.9522 USD,0,0,0.0000 USD,82520,0.0835 USD,565905e7725ab6171da57c161a5680e513c084777904f082b677c4019e874fb4,,0380c5536d70b81137cb72fc71c262f50a3ec5a6fa9e517ef3637d889fb0b7e3db,@lnp2pBot - Depósito en garantía Orden #67a1241ccef4306544dc3345 - VENTA x COP 83000 - SE CONGELA EN BILLETERA. Se libera una vez ejecute /release. Retorna a la wallet si el comprador no confirma el pago
2025-02-03T22:08:16.307Z,a546204a-e1cc-44fa-a0e3-a449a31a5ebc,lightning_sent,-71779960,73.1944 USD,0,0,0.0000 USD,289960,0.2956 USD,8064fc87aa6b9060cf4ed1cb0c70fd560ed712a9713f0a671e39789c001d5cee,,0380c5536d70b81137cb72fc71c262f50a3ec5a6fa9e517ef3637d889fb0b7e3db,@lnp2pBot - Depósito en garantía Orden #67a123a3cef4306544dc3176 - VENTA x COP 300000 - SE CONGELA EN BILLETERA. Se libera una vez ejecute /release. Retorna a la wallet si el comprador no confirma el pago
2025-02-04T00:57:01.548Z,7c459ad9-12a2-4299-a106-7d62ba343b3e,swap_in,489584000,495.6439 USD,0,416,0.4211 USD,0,0.0000 USD,,7bf73fe232ea81eb9a5ea14eaf1c19289794bda9ad7316855ab8147c34cf8a3d,,
2025-02-04T01:47:26.839Z,afdff8a8-6e33-45c7-b4cb-3d109f2a8711,lightning_sent,-141267804,143.1068 USD,0,0,0.0000 USD,566804,0.5741 USD,a743c4fa7ec54bc23a4d4eb65d2f3e657d5580a80f11c264dd303fceb1e0b6ba,,0380c5536d70b81137cb72fc71c262f50a3ec5a6fa9e517ef3637d889fb0b7e3db,"@lnp2pBot - Depósito en garantía Orden #67a15c27cef4306544dc69c7 - VENTA x COP 588000 - SE CONGELA EN BILLETERA. Se libera una vez ejecute /release. Retorna a la wallet si el comprador no confirma el pago
---
se lo consignaron a fabian"
2025-02-04T14:28:32.253Z,6ac265f8-6e5b-493f-b9ca-60918ffe4a1a,lightning_sent,-72745808,72.1611 USD,0,0,0.0000 USD,293808,0.2914 USD,9f99f85880321a40d755a843313aa177b6bd276cce6a2a76754f324c4c18a27c,,0380c5536d70b81137cb72fc71c262f50a3ec5a6fa9e517ef3637d889fb0b7e3db,@lnp2pBot - Depósito en garantía Orden #67a15fafcef4306544dc6b22 - VENTA x COP 300000 - SE CONGELA EN BILLETERA. Se libera una vez ejecute /release. Retorna a la wallet si el comprador no confirma el pago
2025-02-04T16:20:23.622Z,76efa990-8a71-4854-b53d-fe4931f5b506,lightning_sent,-122761072,121.7744 USD,0,0,0.0000 USD,493072,0.4891 USD,c37b402cbfdb8da8d2dac38b053b00318bd20947159e995b698970328498657e,,0380c5536d70b81137cb72fc71c262f50a3ec5a6fa9e517ef3637d889fb0b7e3db,@lnp2pBot - Depósito en garantía Orden #67a20963cef4306544dcc3b8 - VENTA x COP 500000 - SE CONGELA EN BILLETERA. Se libera una vez ejecute /release. Retorna a la wallet si el comprador no confirma el pago
2025-02-04T16:31:19.521Z,863d37da-fb53-47b5-af41-ffc27951906f,lightning_sent,-24811836,24.6837 USD,0,0,0.0000 USD,102836,0.1023 USD,bb74c9cbafa1685a5127c2701898e6c50189bf42cdc6487a21f05f0343422d8e,,0380c5536d70b81137cb72fc71c262f50a3ec5a6fa9e517ef3637d889fb0b7e3db,@lnp2pBot - Depósito en garantía Orden #67a229e2cef4306544dcf0e5 - VENTA x COP 100000 - SE CONGELA EN BILLETERA. Se libera una vez ejecute /release. Retorna a la wallet si el comprador no confirma el pago
2025-02-04T16:46:54.778Z,3ab49551-c537-4d9e-92cb-b858e380ffb7,lightning_sent,-122830348,122.4377 USD,0,0,0.0000 USD,493348,0.4917 USD,22901a34dc1de905f7593e2181cbfc9052f73512450480f157d0162cd8488f67,,0380c5536d70b81137cb72fc71c262f50a3ec5a6fa9e517ef3637d889fb0b7e3db,@lnp2pBot - Depósito en garantía Orden #67a23b1ccef4306544dd1624 - VENTA x COP 500000 - SE CONGELA EN BILLETERA. Se libera una vez ejecute /release. Retorna a la wallet si el comprador no confirma el pago
2025-02-04T17:27:57.916Z,239cfd67-1d70-410f-b76c-166f93057dd2,lightning_sent,-12408420,12.3018 USD,0,0,0.0000 USD,53420,0.0529 USD,544058e49ba192496d22708a1a867bf7ea63e53f46471479788ad13a10c69e4a,,0380c5536d70b81137cb72fc71c262f50a3ec5a6fa9e517ef3637d889fb0b7e3db,@lnp2pBot - Depósito en garantía Orden #67a1277dcef4306544dc3858 - VENTA x COP 50000 - SE CONGELA EN BILLETERA. Se libera una vez ejecute /release. Retorna a la wallet si el comprador no confirma el pago
2025-02-04T17:49:16.478Z,fb7ef36d-d6f5-4daa-907f-b3d2d330f2aa,swap_in,744626000,738.7020 USD,0,624,0.6190 USD,0,0.0000 USD,,afade627aea7aaa793128b5f1065457794ccef6bbf0d1941fa53f26edf2fd7f9,,
2025-02-04T17:57:41.956Z,09efc567-2f98-4b06-8912-e22f83a85127,lightning_sent,-136307040,135.2226 USD,0,0,0.0000 USD,547040,0.5426 USD,191b25497f3aa2f68937554f71ea96666bea40095339f0991845335ff9648e23,,0380c5536d70b81137cb72fc71c262f50a3ec5a6fa9e517ef3637d889fb0b7e3db,@lnp2pBot - Depósito en garantía Orden #67a10c4fcef4306544dc1c5d - VENTA x COP 550000 - SE CONGELA EN BILLETERA. Se libera una vez ejecute /release. Retorna a la wallet si el comprador no confirma el pago
2025-02-04T18:02:22.916Z,612dd131-926c-4deb-b6f5-4bc152c51db0,swap_in,1688681000,1675.6943 USD,0,624,0.6192 USD,0,0.0000 USD,,8fe99c3e688bd632d2c388cac7c7687737a2186430fdce5597f461e198aeef22,,
2025-02-04T18:18:29.902Z,6db8e854-3290-4ef2-b25a-63d882b2e7ef,lightning_sent,-242979028,241.1104 USD,0,0,0.0000 USD,972028,0.9645 USD,4d361ace265313221db5631050b32be7b5d553d53a0c587bde29ae034a843fef,,0380c5536d70b81137cb72fc71c262f50a3ec5a6fa9e517ef3637d889fb0b7e3db,@lnp2pBot - Depósito en garantía Orden #67a25726cef4306544dd3c62 - VENTA x COP 1000000 - SE CONGELA EN BILLETERA. Se libera una vez ejecute /release. Retorna a la wallet si el comprador no confirma el pago
2025-02-04T20:38:49.763Z,cd627d54-88b5-48fb-aa28-268800e33234,lightning_sent,-36165068,35.9448 USD,0,0,0.0000 USD,148068,0.1471 USD,3a5e2c53de77daa954f0287c6528ac728dc22a6829cd466bb3c2e16b6b91512e,,0380c5536d70b81137cb72fc71c262f50a3ec5a6fa9e517ef3637d889fb0b7e3db,@lnp2pBot - Depósito en garantía Orden #67a26959cef4306544dd5bc0 - VENTA x COP 150000 - SE CONGELA EN BILLETERA. Se libera una vez ejecute /release. Retorna a la wallet si el comprador no confirma el pago
2025-02-04T20:43:46.913Z,64737bf8-2499-4af3-b3a3-bb7a9c983d0a,lightning_sent,-24264656,23.8773 USD,0,0,0.0000 USD,100656,0.0990 USD,25a3e99905b3a9a92be237aa3f949adc7fe0a52041b2db7085406d4627e4c7b8,,0380c5536d70b81137cb72fc71c262f50a3ec5a6fa9e517ef3637d889fb0b7e3db,@lnp2pBot - Depósito en garantía Orden #67a25a24cef4306544dd41c0 - VENTA x COP 100000 - SE CONGELA EN BILLETERA. Se libera una vez ejecute /release. Retorna a la wallet si el comprador no confirma el pago
2025-02-04T20:51:24.263Z,a2377bd3-ffc0-47c3-9911-dc48fea9ab74,lightning_sent,-24341964,23.9534 USD,0,0,0.0000 USD,100964,0.0993 USD,c89ffd264d3e51686c885bc110af8de3195c0e3d7a26afffed4d7fe63efa6986,,0380c5536d70b81137cb72fc71c262f50a3ec5a6fa9e517ef3637d889fb0b7e3db,@lnp2pBot - Depósito en garantía Orden #67a27c05cef4306544dd72a3 - VENTA x COP 100000 - SE CONGELA EN BILLETERA. Se libera una vez ejecute /release. Retorna a la wallet si el comprador no confirma el pago
2025-02-04T21:10:16.069Z,c979311b-299e-4e64-938e-39971e00d935,lightning_sent,-24403208,23.9036 USD,0,0,0.0000 USD,101208,0.0991 USD,da977881a30416e8b0b1499ec49616562b1fa83d4a6d2e01a2f83a2470e077d4,,0380c5536d70b81137cb72fc71c262f50a3ec5a6fa9e517ef3637d889fb0b7e3db,@lnp2pBot - Depósito en garantía Orden #67a27d82cef4306544dd7695 - VENTA x COP 100000 - SE CONGELA EN BILLETERA. Se libera una vez ejecute /release. Retorna a la wallet si el comprador no confirma el pago
2025-02-04T21:31:26.177Z,c99d11aa-a4bd-4918-a566-d34e963ccca2,lightning_sent,-24480516,23.8442 USD,0,0,0.0000 USD,101516,0.0988 USD,bfac1e8b3005e88ecdacecd59ed735f5a131733fe26f087ac4480966bd6bbab3,,0380c5536d70b81137cb72fc71c262f50a3ec5a6fa9e517ef3637d889fb0b7e3db,@lnp2pBot - Depósito en garantía Orden #67a2823acef4306544dd7ab7 - VENTA x COP 100000 - SE CONGELA EN BILLETERA. Se libera una vez ejecute /release. Retorna a la wallet si el comprador no confirma el pago
2025-02-05T00:43:15.946Z,1814ff93-34ed-4cfa-9397-c4aa18b8007a,lightning_sent,-49369676,48.2704 USD,0,0,0.0000 USD,200676,0.1962 USD,a933bc80d8fc514a9fbb6a36d4903afce829042f61bc813234a1500c8ebed446,,0380c5536d70b81137cb72fc71c262f50a3ec5a6fa9e517ef3637d889fb0b7e3db,@lnp2pBot - Depósito en garantía Orden #67a296fecef4306544dd98b1 - VENTA x COP 200000 - SE CONGELA EN BILLETERA. Se libera una vez ejecute /release. Retorna a la wallet si el comprador no confirma el pago
2025-02-05T18:19:03.131Z,c641f52d-9da7-43ea-8dc6-7e096d40a71d,lightning_sent,-262061052,258.4717 USD,0,0,0.0000 USD,1048052,1.0336 USD,d5538febc3bda9dc72f881e33dffd44be6110195806b94e34027b011aaedc4ad,,0380c5536d70b81137cb72fc71c262f50a3ec5a6fa9e517ef3637d889fb0b7e3db,@lnp2pBot - Depósito en garantía Orden #67a355accef4306544de290c - VENTA x COP 1050000 - SE CONGELA EN BILLETERA. Se libera una vez ejecute /release. Retorna a la wallet si el comprador no confirma el pago
2025-02-05T18:26:52.158Z,1b5d3775-d202-4064-91f3-b9e4667d1a74,lightning_sent,-249720888,242.2395 USD,0,0,0.0000 USD,998888,0.9689 USD,8299ad71cb1d4d22a1e25a0e70ffa3d7deb8bfa2095468a7692b8be64eaa8160,,0380c5536d70b81137cb72fc71c262f50a3ec5a6fa9e517ef3637d889fb0b7e3db,@lnp2pBot - Depósito en garantía Orden #67a3855ecef4306544de7cfc - VENTA x COP 1000000 - SE CONGELA EN BILLETERA. Se libera una vez ejecute /release. Retorna a la wallet si el comprador no confirma el pago
2025-02-05T18:35:12.005Z,3cc44108-6a7e-476f-9c1d-1dece28aeb8d,lightning_sent,-247457872,240.0443 USD,0,0,0.0000 USD,989872,0.9602 USD,785ab259a77d327c708f5ef966034ab41a10c097cccd1b2f2450220517b2af61,,0380c5536d70b81137cb72fc71c262f50a3ec5a6fa9e517ef3637d889fb0b7e3db,@lnp2pBot - Depósito en garantía Orden #67a3ad6ccef4306544deb4fb - VENTA x COP 1000000 - SE CONGELA EN BILLETERA. Se libera una vez ejecute /release. Retorna a la wallet si el comprador no confirma el pago
2025-02-05T18:55:46.514Z,4b9ad4a8-2985-436c-a259-6bc5fda5775c,lightning_sent,-37128908,36.0228 USD,0,0,0.0000 USD,151908,0.1473 USD,9454911e4d2d35a04ce5f476e3c855f58bbf368fbf55e238fa4cfc68b4c38953,,0380c5536d70b81137cb72fc71c262f50a3ec5a6fa9e517ef3637d889fb0b7e3db,@lnp2pBot - Depósito en garantía Orden #67a3b21ecef4306544deba31 - VENTA x COP 150000 - SE CONGELA EN BILLETERA. Se libera una vez ejecute /release. Retorna a la wallet si el comprador no confirma el pago
2025-02-05T20:35:41.259Z,2bb40bbe-4fca-4c7c-b0ed-39eb878f4a8d,lightning_sent,-248013084,242.2652 USD,0,0,0.0000 USD,992084,0.9690 USD,1d96dcc5cc291be8c7a9d90cfbdf4f2183a5f7931b28f9112f21c28f5fa1980b,,0380c5536d70b81137cb72fc71c262f50a3ec5a6fa9e517ef3637d889fb0b7e3db,@lnp2pBot - Depósito en garantía Orden #67a35b7dcef4306544de323c - VENTA x COP 1000000 - SE CONGELA EN BILLETERA. Se libera una vez ejecute /release. Retorna a la wallet si el comprador no confirma el pago
2025-02-05T21:23:36.159Z,1a1a4439-f914-4adc-8301-ef900f62d583,lightning_sent,-27284688,26.5291 USD,0,0,0.0000 USD,112688,0.1095 USD,a5d952f65e7bea1153c170ca7cc8c99b17830895e3ea13e814a5cade7b5543c0,,0380c5536d70b81137cb72fc71c262f50a3ec5a6fa9e517ef3637d889fb0b7e3db,@lnp2pBot - Depósito en garantía Orden #67a35c94cef4306544de32c8 - VENTA x COP 110000 - SE CONGELA EN BILLETERA. Se libera una vez ejecute /release. Retorna a la wallet si el comprador no confirma el pago
2025-02-05T23:59:58.452Z,34dd767b-f221-4d58-9f00-d27d44007791,lightning_sent,-16124224,15.6336 USD,0,0,0.0000 USD,68224,0.0661 USD,3fd5902d0c10478ebb1a71665fc05191bb385d81579c4c9da353622d3c9d8cc8,,0380c5536d70b81137cb72fc71c262f50a3ec5a6fa9e517ef3637d889fb0b7e3db,@lnp2pBot - Depósito en garantía Orden #67a3d5c9cef4306544def037 - VENTA x COP 65000 - SE CONGELA EN BILLETERA. Se libera una vez ejecute /release. Retorna a la wallet si el comprador no confirma el pago
2025-02-05T23:30:19.764Z,84d5fe16-ce6a-40b9-a7f3-090c2d623f7d,lightning_sent,-9923520,9.6216 USD,0,0,0.0000 USD,43520,0.0421 USD,b918809c04d468f1ad7c0fa581c627de13c67b7ca511a538736b4c9552db8d54,,0380c5536d70b81137cb72fc71c262f50a3ec5a6fa9e517ef3637d889fb0b7e3db,@lnp2pBot - Depósito en garantía Orden #67a3edf9cef4306544df1053 - VENTA x COP 40000 - SE CONGELA EN BILLETERA. Se libera una vez ejecute /release. Retorna a la wallet si el comprador no confirma el pago
2025-02-06T03:21:09.474Z,738101e8-5065-4efb-81ac-d023face6c4d,lightning_sent,-12370268,11.9939 USD,0,0,0.0000 USD,53268,0.0516 USD,2775e063fd84694380a26ab56825ea5cc8c2078f98ff0a460cc06eac7a9e10e8,,0380c5536d70b81137cb72fc71c262f50a3ec5a6fa9e517ef3637d889fb0b7e3db,@lnp2pBot - Depósito en garantía Orden #67a3fb0fcef4306544df21b8 - VENTA x COP 50000 - SE CONGELA EN BILLETERA. Se libera una vez ejecute /release. Retorna a la wallet si el comprador no confirma el pago
2025-02-06T17:49:31.129Z,0b9382a4-50b4-43cb-a1cf-46a25c7f733f,lightning_sent,-299708040,294.7656 USD,0,0,0.0000 USD,1198040,1.1782 USD,dbf1061aae0d986eb191c048990ff455e23d797eafcb420c509455ea0d2fc3a2,,0380c5536d70b81137cb72fc71c262f50a3ec5a6fa9e517ef3637d889fb0b7e3db,@lnp2pBot - Depósito en garantía Orden #67a4a856cef4306544df7e75 - VENTA x COP 1200000 - SE CONGELA EN BILLETERA. Se libera una vez ejecute /release. Retorna a la wallet si el comprador no confirma el pago
2025-02-06T14:36:16.442Z,65470476-38ce-4cfa-9fe2-a4d7d3f9f2be,lightning_sent,-125005012,122.8119 USD,0,0,0.0000 USD,502012,0.4932 USD,a204ab5d4e3379453b2ab23e64fe0ee3e9cbd9c27c54fb466d3daded9f82792a,,0380c5536d70b81137cb72fc71c262f50a3ec5a6fa9e517ef3637d889fb0b7e3db,@lnp2pBot - Depósito en garantía Orden #67a4b6a4cef4306544df94de - VENTA x COP 500000 - SE CONGELA EN BILLETERA. Se libera una vez ejecute /release. Retorna a la wallet si el comprador no confirma el pago
2025-02-06T20:25:36.159Z,2c1f6c6f-5b5c-4910-acbc-c91d02925f49,lightning_sent,-251725876,243.6591 USD,0,0,0.0000 USD,1006876,0.9746 USD,60a82c275b129bfa7d6743a2828b0564ca61f7893b5db2d5431bf12afe994e30,,0380c5536d70b81137cb72fc71c262f50a3ec5a6fa9e517ef3637d889fb0b7e3db,@lnp2pBot - Depósito en garantía Orden #67a4c960cef4306544dfb152 - VENTA x COP 1000000 - SE CONGELA EN BILLETERA. Se libera una vez ejecute /release. Retorna a la wallet si el comprador no confirma el pago
2025-02-06T18:56:58.981Z,3daf9cb9-7958-424b-97ee-554012da691e,swap_in,1035335000,995.8507 USD,0,624,0.6002 USD,0,0.0000 USD,,251a25f55a582ce926ccd4ebf74b35550ed9835ff8d5a9a2729b6d2784f372bc,,
2025-02-06T19:08:37.051Z,3664deb8-324a-4a59-bcca-9358183bea28,lightning_sent,-465927268,448.9913 USD,0,0,0.0000 USD,1860268,1.7926 USD,62d9cec7c68a768df26dba88e4db95a2ca4003aafd7fd7f5b47b3089e0859089,,0380c5536d70b81137cb72fc71c262f50a3ec5a6fa9e517ef3637d889fb0b7e3db,@lnp2pBot - Escrow amount Order #67a4bab2cef4306544df9a40: SELL BTC for EUR 420 - It WILL FREEZE IN YOUR WALLET. It will release once you run /release. It will return if buyer does not confirm the payment
2025-02-06T19:20:03.205Z,1bf6c291-15ec-41b9-afe5-e646dd576c84,lightning_sent,-126690728,122.0856 USD,0,0,0.0000 USD,508728,0.4902 USD,a7ef9ba8baf90d65f0312906932944d83ad85fdee75fea441ec9a713dc95e872,,0380c5536d70b81137cb72fc71c262f50a3ec5a6fa9e517ef3637d889fb0b7e3db,@lnp2pBot - Escrow amount Order #67a4ffb4cef4306544e013c5: SELL BTC for EUR 120 - It WILL FREEZE IN YOUR WALLET. It will release once you run /release. It will return if buyer does not confirm the payment
2025-02-06T20:33:18.499Z,b32c569a-79b7-48e4-984b-7baa40ade111,lightning_sent,-520653300,498.4306 USD,0,0,0.0000 USD,2078300,1.9895 USD,74fd623cc283a8178c9fb109997802c9740c3fb8da7352db8e5ca9b2f0657154,,0380c5536d70b81137cb72fc71c262f50a3ec5a6fa9e517ef3637d889fb0b7e3db,@lnp2pBot - Escrow amount Order #67a4f7accef4306544e003cc: SELL BTC for COP 2000000 - It WILL FREEZE IN YOUR WALLET. It will release once you run /release. It will return if buyer does not confirm the payment
2025-02-06T21:56:31.462Z,7735ab18-1cd5-4144-b69c-43a96e8523f5,lightning_sent,-12758816,12.3417 USD,0,0,0.0000 USD,54816,0.0530 USD,da9f3b330e94cbc76000fca859b3dcfe3fc1d36bc2c5764a28623935af612059,,0380c5536d70b81137cb72fc71c262f50a3ec5a6fa9e517ef3637d889fb0b7e3db,@lnp2pBot - Depósito en garantía Orden #67a4c8e0cef4306544dfafc9 - VENTA x COP 50000 - SE CONGELA EN BILLETERA. Se libera una vez ejecute /release. Retorna a la wallet si el comprador no confirma el pago
2025-02-06T21:56:50.224Z,95704f8c-c871-43fd-933b-02015a8dbfbf,swap_in,2094588000,2026.1152 USD,0,416,0.4024 USD,0,0.0000 USD,,c2ac014aa5cc057634f1154caf65c0a16ca7277e403f39a1a708b0d2dfbe8a12,,
2025-02-07T14:39:25.685Z,69e22b4b-52dd-4239-b12e-46e02611b7ed,lightning_sent,-317791084,313.8183 USD,0,0,0.0000 USD,1270084,1.2542 USD,21aa63a2a5fa366a33e94dc097bc73b5be51c598cc82021636edbbb59ee22cf5,,0380c5536d70b81137cb72fc71c262f50a3ec5a6fa9e517ef3637d889fb0b7e3db,@lnp2pBot - Depósito en garantía Orden #67a4f612cef4306544dffd32 - VENTA x COP 1250000 - SE CONGELA EN BILLETERA. Se libera una vez ejecute /release. Retorna a la wallet si el comprador no confirma el pago
2025-02-10T19:51:10.390Z,91ce6560-d90a-4944-8b16-6970e09f98df,lightning_sent,-25266648,24.6496 USD,0,0,0.0000 USD,104648,0.1020 USD,b56fd010c51abed9aa7b7d74875f59f06500aa7030c6f297c05a7969747b2407,,0380c5536d70b81137cb72fc71c262f50a3ec5a6fa9e517ef3637d889fb0b7e3db,@lnp2pBot - Escrow amount Order #67aa4c7e5639000e05dc2ecc: SELL BTC for COP 100000 - It WILL FREEZE IN YOUR WALLET. It will release once you run /release. It will return if buyer does not confirm the payment
2025-02-18T14:59:10.937Z,68727923-9294-478f-9fc7-17c1f042379b,lightning_sent,-25788728,24.6413 USD,0,0,0.0000 USD,106728,0.1019 USD,d4a7067531899e9759bbcfcfa4be7ded2974d1fec4e828cb4c9f7b80f54c0f21,,0380c5536d70b81137cb72fc71c262f50a3ec5a6fa9e517ef3637d889fb0b7e3db,@lnp2pBot - Depósito en garantía Orden #67b49de05639000e05e478b4 - VENTA x ARS 30000 - SE CONGELA EN BILLETERA. Se libera una vez ejecute /release. Retorna a la wallet si el comprador no confirma el pago
2025-02-18T15:52:07.203Z,2d53a0c4-783b-4e3f-b94a-3c40e23d3ba4,lightning_sent,-51110612,48.8268 USD,0,0,0.0000 USD,207612,0.1983 USD,feb7be0a1e4e4d7538befa2f6cf2c3384c13329d521f80fdfa7013068fdbf17a,,0380c5536d70b81137cb72fc71c262f50a3ec5a6fa9e517ef3637d889fb0b7e3db,@lnp2pBot - Depósito en garantía Orden #67b4a1d65639000e05e47db9 - VENTA x COP 200000 - SE CONGELA EN BILLETERA. Se libera una vez ejecute /release. Retorna a la wallet si el comprador no confirma el pago
2025-02-21T01:28:05.412Z,8086324c-c58e-4c6b-9d62-43f3a287ed76,lightning_sent,-25536724,25.0795 USD,0,0,0.0000 USD,105724,0.1038 USD,495b4f70228bd586913472861abf0c48fade0844b3dc06d924174c4d1df97947,,0380c5536d70b81137cb72fc71c262f50a3ec5a6fa9e517ef3637d889fb0b7e3db,@lnp2pBot - Escrow amount Order #67b777b49141fea0bd8700bb: SELL BTC for COP 100000 - It WILL FREEZE IN YOUR WALLET. It will release once you run /release. It will return if buyer does not confirm the payment
2025-02-21T15:20:40.534Z,ed56e3eb-8d0e-4b98-9637-7d81c9d0ed79,lightning_sent,-12682512,12.5280 USD,0,0,0.0000 USD,54512,0.0538 USD,fe2ef0ca47b4e62b68b4831b8e2c1e22f040cdbc84e89cf9f991490ea10462ce,,0380c5536d70b81137cb72fc71c262f50a3ec5a6fa9e517ef3637d889fb0b7e3db,@lnp2pBot - Depósito en garantía Orden #67b85e4c9141fea0bd8795bd - VENTA x COP 50000 - SE CONGELA EN BILLETERA. Se libera una vez ejecute /release. Retorna a la wallet si el comprador no confirma el pago
2025-02-22T12:44:36.916Z,50c34f3c-6310-4295-89a4-145cf74fbc17,lightning_sent,-51632692,49.9293 USD,0,0,0.0000 USD,209692,0.2027 USD,b49e1d002eb791a9f214f2892488db5fbb07558b4fb7d9a4bed62112b5d2f5b9,,0380c5536d70b81137cb72fc71c262f50a3ec5a6fa9e517ef3637d889fb0b7e3db,@lnp2pBot - Depósito en garantía Orden #67b9c2989141fea0bd88ac1c - VENTA x COP 200000 - SE CONGELA EN BILLETERA. Se libera una vez ejecute /release. Retorna a la wallet si el comprador no confirma el pago
2025-02-25T01:10:13.287Z,6a5ece7e-eaae-433c-bfca-92f7fd08747f,lightning_sent,-123000024,112.9719 USD,0,0,0.0000 USD,494024,0.4537 USD,640a931e96d21f23720441d3f74a9cf4c5711cf852ce9ac46944833110e2f358,,0380c5536d70b81137cb72fc71c262f50a3ec5a6fa9e517ef3637d889fb0b7e3db,@lnp2pBot - Depósito en garantía Orden #67bd16719141fea0bd8b65d8 - VENTA x COP 458000 - SE CONGELA EN BILLETERA. Se libera una vez ejecute /release. Retorna a la wallet si el comprador no confirma el pago
2025-02-25T01:13:07.470Z,17359233-29e4-439a-8abc-342b1d13b941,lightning_sent,-11259844,10.3418 USD,0,0,0.0000 USD,48844,0.0448 USD,635b64b2d4129c75422a3001eecbea2f6f5b07f7af8b75a827dbbf61db0540b1,,0380c5536d70b81137cb72fc71c262f50a3ec5a6fa9e517ef3637d889fb0b7e3db,@lnp2pBot - Depósito en garantía Orden #67bc723d9141fea0bd8aa059 - VENTA x COP 42000 - SE CONGELA EN BILLETERA. Se libera una vez ejecute /release. Retorna a la wallet si el comprador no confirma el pago
2025-02-27T00:44:04.876Z,9296326e-e7ab-42a5-8f96-3079e2ac4e3c,lightning_sent,-8747836,7.3593 USD,0,0,0.0000 USD,38836,0.0326 USD,10c6e286e6eee6d18671eebf3759e8c277caa065eb351028a28c9395df8f6aca,,0380c5536d70b81137cb72fc71c262f50a3ec5a6fa9e517ef3637d889fb0b7e3db,@lnp2pBot - Depósito en garantía Orden #67bfa3459141fea0bd8e12cc - VENTA x COP 30000 - SE CONGELA EN BILLETERA. Se libera una vez ejecute /release. Retorna a la wallet si el comprador no confirma el pago
2025-02-27T00:37:36.154Z,71898dcf-f3d9-4909-bc2e-a877c7800bf4,lightning_sent,-14431480,12.1409 USD,0,0,0.0000 USD,61480,0.0517 USD,818f325001ad73e9d31f47ff619ea4618a5df3dbb38533f6ec5e3dc32f6562a2,,0380c5536d70b81137cb72fc71c262f50a3ec5a6fa9e517ef3637d889fb0b7e3db,@lnp2pBot - Depósito en garantía Orden #67bf9d9a9141fea0bd8e0aad - VENTA x COP 50000 - SE CONGELA EN BILLETERA. Se libera una vez ejecute /release. Retorna a la wallet si el comprador no confirma el pago
2025-02-27T01:25:22.239Z,00e39196-5809-4791-b508-f3dd26758fcb,lightning_sent,-14723644,12.3867 USD,0,0,0.0000 USD,62644,0.0527 USD,d712ca9f5fb102210c95b16f7c4d267674573c8da853c245a67e4654457850ae,,0380c5536d70b81137cb72fc71c262f50a3ec5a6fa9e517ef3637d889fb0b7e3db,@lnp2pBot - Depósito en garantía Orden #67bf85189141fea0bd8de1a0 - VENTA x COP 50000 - SE CONGELA EN BILLETERA. Se libera una vez ejecute /release. Retorna a la wallet si el comprador no confirma el pago
2025-02-27T17:58:29.919Z,ff950fac-f516-452b-ba6a-ea6808c09b71,lightning_sent,-57750064,49.1220 USD,0,0,0.0000 USD,234064,0.1990 USD,295eb6d68b3317705d1a9d335b22af5fe791dab28d53d8e0b7fde1bfbeed5578,,0380c5536d70b81137cb72fc71c262f50a3ec5a6fa9e517ef3637d889fb0b7e3db,@lnp2pBot - Depósito en garantía Orden #67c0755e9141fea0bd8e9b99 - VENTA x COP 200000 - SE CONGELA EN BILLETERA. Se libera una vez ejecute /release. Retorna a la wallet si el comprador no confirma el pago
2025-02-27T18:12:43.681Z,3e2a1429-66b5-4eb4-ad4c-95a57e98ad17,lightning_sent,-52726048,44.4717 USD,0,0,0.0000 USD,214048,0.1805 USD,1c3585103c7277eb3c008eec6b0568595632c68fe034a4f11bfa5c23ad088ef5,,0380c5536d70b81137cb72fc71c262f50a3ec5a6fa9e517ef3637d889fb0b7e3db,@lnp2pBot - Depósito en garantía Orden #67c099059141fea0bd8ec6c0 - VENTA x COP 180000 - SE CONGELA EN BILLETERA. Se libera una vez ejecute /release. Retorna a la wallet si el comprador no confirma el pago
2025-02-27T18:43:38.822Z,a1656117-787e-4223-9f15-624aa082c517,lightning_sent,-24314856,20.5083 USD,0,0,0.0000 USD,100856,0.0850 USD,e64a87d1dde1a4b88a1227135bafe3098175336fe2f5f40ee4ef8b06123087b1,,0380c5536d70b81137cb72fc71c262f50a3ec5a6fa9e517ef3637d889fb0b7e3db,@lnp2pBot - Depósito en garantía Orden #67c06e159141fea0bd8e8f44 - VENTA x COP 83000 - SE CONGELA EN BILLETERA. Se libera una vez ejecute /release. Retorna a la wallet si el comprador no confirma el pago
2025-02-27T18:43:38.861Z,e5dd8c93-6148-4563-8ef2-aef9812e50cf,lightning_sent,-251467848,212.1002 USD,0,0,0.0000 USD,1005848,0.8483 USD,9bd779c77f80580ac838ef3c68699d8a304ebbbfadb07498451e7f3604c8e5e9,,0380c5536d70b81137cb72fc71c262f50a3ec5a6fa9e517ef3637d889fb0b7e3db,@lnp2pBot - Depósito en garantía Orden #67bfb8769141fea0bd8e2f43 - VENTA x COP 850000 - SE CONGELA EN BILLETERA. Se libera una vez ejecute /release. Retorna a la wallet si el comprador no confirma el pago
2025-02-27T19:07:20.472Z,e544dce6-8fd7-40dc-b905-d33a9ee88755,swap_in,436129000,368.1526 USD,0,833,0.7031 USD,0,0.0000 USD,,b544a6b7a07172390c8943fd02dd3e11ad9c1b619c0f0eb9f86facdd5c27bd9a,,
2025-02-28T13:10:38.642Z,dea30038-28d7-4893-984f-bc1715301e5f,lightning_sent,-91345912,73.6790 USD,0,0,0.0000 USD,367912,0.2967 USD,c16a12904a6c0756ed61bac54fbd8bbb672fc847a45fd82c86aadbc35a8d4eac,,0380c5536d70b81137cb72fc71c262f50a3ec5a6fa9e517ef3637d889fb0b7e3db,@lnp2pBot - Depósito en garantía Orden #67c1a25f9141fea0bd8fc9f4 - VENTA x COP 300000 - SE CONGELA EN BILLETERA. Se libera una vez ejecute /release. Retorna a la wallet si el comprador no confirma el pago
2025-02-28T13:21:11.612Z,49332638-f691-456f-8759-521f7d9299eb,lightning_sent,-76120252,61.3981 USD,0,0,0.0000 USD,307252,0.2478 USD,1848dc9d4387acffad61671fbc5b759dcfc0862777d0506094156b7734adddba,,0380c5536d70b81137cb72fc71c262f50a3ec5a6fa9e517ef3637d889fb0b7e3db,@lnp2pBot - Depósito en garantía Orden #67c1b5d29141fea0bd8fe5e1 - VENTA x COP 250000 - SE CONGELA EN BILLETERA. Se libera una vez ejecute /release. Retorna a la wallet si el comprador no confirma el pago
2025-03-01T01:48:28.220Z,29b7455d-61e2-4c97-95f0-9d40e8193c85,lightning_sent,-116423824,97.7723 USD,0,0,0.0000 USD,467824,0.3928 USD,f4d5dd58e5dab3d2d6a59cd21b7bfeab0f09f8f86a1b979939e163e80ebe3f00,,0380c5536d70b81137cb72fc71c262f50a3ec5a6fa9e517ef3637d889fb0b7e3db,@lnp2pBot - Depósito en garantía Orden #67c23ba89141fea0bd90bc3a - VENTA x COP 400000 - SE CONGELA EN BILLETERA. Se libera una vez ejecute /release. Retorna a la wallet si el comprador no confirma el pago
2025-03-01T15:18:27.115Z,c28dcf83-4122-466c-a081-82599d36dc8a,lightning_sent,-71543016,60.4908 USD,0,0,0.0000 USD,289016,0.2443 USD,acfd67a5262a041e511c99ae1d3e1d701e8710d95c44fac1b2969b5a4b6a8fdf,,0380c5536d70b81137cb72fc71c262f50a3ec5a6fa9e517ef3637d889fb0b7e3db,@lnp2pBot - Depósito en garantía Orden #67c2511a9141fea0bd90d09e - VENTA x COP 246000 - SE CONGELA EN BILLETERA. Se libera una vez ejecute /release. Retorna a la wallet si el comprador no confirma el pago
2025-03-01T18:15:08.063Z,86727aa3-d833-4620-8820-2daf8f572e6c,lightning_sent,-255489872,217.6652 USD,0,0,0.0000 USD,1021872,0.8705 USD,ef6f4ebebb97ea8b1cc43164030399ab5ae9101958a89a2e2caaa375280d2c84,,0380c5536d70b81137cb72fc71c262f50a3ec5a6fa9e517ef3637d889fb0b7e3db,@lnp2pBot - Depósito en garantía Orden #67c33e2d9141fea0bd9180da - VENTA x COP 891000 - SE CONGELA EN BILLETERA. Se libera una vez ejecute /release. Retorna a la wallet si el comprador no confirma el pago
2025-03-01T18:22:01.273Z,522b7ef8-8f2f-4390-b5ed-2013faacd576,lightning_sent,-667094732,568.3330 USD,0,0,0.0000 USD,2661732,2.2676 USD,f8efe64b8671da5ecbc5fb4e08641c2d24afce0c9201cc2b24430d05ee0a9f06,,0380c5536d70b81137cb72fc71c262f50a3ec5a6fa9e517ef3637d889fb0b7e3db,@lnp2pBot - Depósito en garantía Orden #67c338f39141fea0bd917af4 - VENTA x COP 2350000 - SE CONGELA EN BILLETERA. Se libera una vez ejecute /release. Retorna a la wallet si el comprador no confirma el pago
2025-03-01T18:30:11.470Z,5afa1159-2c95-41ad-bd6e-00a311d6cca7,lightning_sent,-28554748,24.3272 USD,0,0,0.0000 USD,117748,0.1003 USD,d132cfcc52ce6a183f6adef61ed38b0199eb5afd8e13406a48b3152ada259771,,0380c5536d70b81137cb72fc71c262f50a3ec5a6fa9e517ef3637d889fb0b7e3db,@lnp2pBot - Depósito en garantía Orden #67c33dd59141fea0bd917f72 - VENTA x COP 100000 - SE CONGELA EN BILLETERA. Se libera una vez ejecute /release. Retorna a la wallet si el comprador no confirma el pago
2025-03-01T18:38:32.299Z,a1e415d0-4ace-440c-a58f-8631f748db2e,lightning_sent,-85659256,72.8826 USD,0,0,0.0000 USD,345256,0.2937 USD,fabac3b1d5ea548d23e98cb463ef825189a59385379fa29901557de3025ce094,,0380c5536d70b81137cb72fc71c262f50a3ec5a6fa9e517ef3637d889fb0b7e3db,@lnp2pBot - Depósito en garantía Orden #67c34d2f9141fea0bd918d89 - VENTA x COP 300000 - SE CONGELA EN BILLETERA. Se libera una vez ejecute /release. Retorna a la wallet si el comprador no confirma el pago
2025-03-01T18:52:02.903Z,fc7a244f-db8b-41d2-ae29-7e288a701105,lightning_sent,-17135252,14.5794 USD,0,0,0.0000 USD,72252,0.0614 USD,b6a78a040550105d779e05e8d35bf241ed084fefab61959332ae70d913743d9e,,0380c5536d70b81137cb72fc71c262f50a3ec5a6fa9e517ef3637d889fb0b7e3db,@lnp2pBot - Depósito en garantía Orden #67c33d059141fea0bd917d9c - VENTA x COP 60000 - SE CONGELA EN BILLETERA. Se libera una vez ejecute /release. Retorna a la wallet si el comprador no confirma el pago
2025-03-01T19:10:18.327Z,e59ccd6a-f74e-483f-ba90-076fddbe67ec,swap_in,440140000,375.2860 USD,0,416,0.3547 USD,0,0.0000 USD,,4dc6c7c0be66b867812b69a1064ecac92964be1ef57b4dfea9cd271615ffa64c,,
2025-03-01T19:43:17.523Z,b3dcd70c-8642-44fa-8907-e56efbe3ac6f,lightning_sent,-456832032,389.5185 USD,0,0,0.0000 USD,1824032,1.5552 USD,a39733c1ca30c73e39c7a81575bc14cbf2a9da83518d5db8fbb5d5eb39367f97,,0380c5536d70b81137cb72fc71c262f50a3ec5a6fa9e517ef3637d889fb0b7e3db,@lnp2pBot - Depósito en garantía Orden #67c3602f9141fea0bd91a62e - VENTA x COP 1600000 - SE CONGELA EN BILLETERA. Se libera una vez ejecute /release. Retorna a la wallet si el comprador no confirma el pago
2025-03-01T20:54:35.624Z,aa703d09-8260-4102-bb80-c333074f2911,swap_in,2338256000,1998.0523 USD,0,624,0.5332 USD,0,0.0000 USD,,0becdd578b9d7ff4f99045daf4c013252b866e440f7ef8a169ade8cd014a2eb8,,
2025-03-02T09:54:50.021Z,d25dba22-a75c-4816-8464-946262b4e22e,lightning_sent,-29852920,25.6741 USD,0,0,0.0000 USD,122920,0.1057 USD,c0de3cb5c1b43781dced3d4233f673fc8aa2d471e50676ddd005436a3701d880,,0380c5536d70b81137cb72fc71c262f50a3ec5a6fa9e517ef3637d889fb0b7e3db,@lnp2pBot - Depósito en garantía Orden #67c381b39141fea0bd91cabb - VENTA x EUR 25 - SE CONGELA EN BILLETERA. Se libera una vez ejecute /release. Retorna a la wallet si el comprador no confirma el pago
2025-03-02T10:03:29.214Z,f9aeea5d-2de2-4cab-be70-696bff12d801,lightning_sent,-29850912,25.6724 USD,0,0,0.0000 USD,122912,0.1057 USD,5d7fb2069ad20fe6d21d3b724c7db7a7cdd741533f464dbeed5ab4891553bd36,,0380c5536d70b81137cb72fc71c262f50a3ec5a6fa9e517ef3637d889fb0b7e3db,@lnp2pBot - Depósito en garantía Orden #67c42c419141fea0bd92238e - VENTA x EUR 25 - SE CONGELA EN BILLETERA. Se libera una vez ejecute /release. Retorna a la wallet si el comprador no confirma el pago
2025-03-02T13:50:55.737Z,b6d96f3e-6a05-43fd-a6f2-d2338ae2d4a1,lightning_sent,-59882560,51.2602 USD,0,0,0.0000 USD,242560,0.2076 USD,f85ddc839ebc44b5d7ca3a2450d9c1b014d7a585f84139f145e23283dcdf1217,,0380c5536d70b81137cb72fc71c262f50a3ec5a6fa9e517ef3637d889fb0b7e3db,@lnp2pBot - Depósito en garantía Orden #67c42e539141fea0bd92248a - VENTA x EUR 50 - SE CONGELA EN BILLETERA. Se libera una vez ejecute /release. Retorna a la wallet si el comprador no confirma el pago
2025-03-02T14:22:14.074Z,7ce87980-020c-4959-b0d6-368be9d34f5d,lightning_sent,-86591972,74.0527 USD,0,0,0.0000 USD,348972,0.2984 USD,79122cf2a2333087c618ce8f7863c5aae3c7317b1786a26d82e956df77c04a22,,0380c5536d70b81137cb72fc71c262f50a3ec5a6fa9e517ef3637d889fb0b7e3db,@lnp2pBot - Depósito en garantía Orden #67c32ed09141fea0bd916ab1 - VENTA x COP 300000 - SE CONGELA EN BILLETERA. Se libera una vez ejecute /release. Retorna a la wallet si el comprador no confirma el pago
2025-03-02T14:31:26.770Z,4b8f2e3d-05a5-4e67-9ef5-8d703c014773,lightning_sent,-40375844,34.5291 USD,0,0,0.0000 USD,164844,0.1409 USD,a16e141ce25a1fc9a96e9739a5d42ec176626ce3ac89c7285af773515b740010,,0380c5536d70b81137cb72fc71c262f50a3ec5a6fa9e517ef3637d889fb0b7e3db,@lnp2pBot - Depósito en garantía Orden #67c466fe9141fea0bd924669 - VENTA x EUR 33 - SE CONGELA EN BILLETERA. Se libera una vez ejecute /release. Retorna a la wallet si el comprador no confirma el pago
2025-03-02T14:35:01.295Z,0802f0ee-9230-4aeb-aeb3-90a6c9dd866b,lightning_sent,-510103268,436.2364 USD,0,0,0.0000 USD,2036268,1.7414 USD,7a3515c3a28f6388f0a57afae6e25d54fa448dcfa71cac7e1b0bbd2fb598783d,,0380c5536d70b81137cb72fc71c262f50a3ec5a6fa9e517ef3637d889fb0b7e3db,@lnp2pBot - Depósito en garantía Orden #67c3e2e19141fea0bd920b6e - VENTA x COP 1750000 - SE CONGELA EN BILLETERA. Se libera una vez ejecute /release. Retorna a la wallet si el comprador no confirma el pago
2025-03-02T14:37:08.479Z,1afb9929-27ae-467f-b8db-779cd5a552da,lightning_sent,-378934684,324.0620 USD,0,0,0.0000 USD,1513684,1.2944 USD,c9a758f5e198dfc26ae642e771c41fe2be5cef876b15bddfca382dbf4739091c,,0380c5536d70b81137cb72fc71c262f50a3ec5a6fa9e517ef3637d889fb0b7e3db,@lnp2pBot - Depósito en garantía Orden #67c33d799141fea0bd917e38 - VENTA x COP 1300000 - SE CONGELA EN BILLETERA. Se libera una vez ejecute /release. Retorna a la wallet si el comprador no confirma el pago
2025-03-02T14:42:03.391Z,564b60b2-c16e-45aa-95fc-649296ae7155,lightning_sent,-291490300,249.2548 USD,0,0,0.0000 USD,1165300,0.9964 USD,0f7bc29f5e47a8d0d7bf31b6e832ca580fb19dfe12f38592793ced3f98e4afb4,,0380c5536d70b81137cb72fc71c262f50a3ec5a6fa9e517ef3637d889fb0b7e3db,@lnp2pBot - Depósito en garantía Orden #67c46d059141fea0bd92509d - VENTA x COP 1000000 - SE CONGELA EN BILLETERA. Se libera una vez ejecute /release. Retorna a la wallet si el comprador no confirma el pago
2025-03-02T14:59:32.807Z,89e7b6f6-358f-412f-92b8-520b93bb1e6e,lightning_sent,-581905332,497.5902 USD,0,0,0.0000 USD,2322332,1.9858 USD,7878807dcf26e74e4b7be8fe22fb53d35e85a416a3026b46be529a6ec2e6f337,,0380c5536d70b81137cb72fc71c262f50a3ec5a6fa9e517ef3637d889fb0b7e3db,@lnp2pBot - Depósito en garantía Orden #67c46d769141fea0bd925183 - VENTA x COP 2000000 - SE CONGELA EN BILLETERA. Se libera una vez ejecute /release. Retorna a la wallet si el comprador no confirma el pago
2025-03-02T15:23:27.731Z,255db827-0b9e-491d-a9a1-10d6287a701e,lightning_sent,-59183776,50.3586 USD,0,0,0.0000 USD,239776,0.2040 USD,436bc7263e1c2351fe0c9ec6edabe9f64b0e2f98f6e954cc8e6546945c6f36ea,,0380c5536d70b81137cb72fc71c262f50a3ec5a6fa9e517ef3637d889fb0b7e3db,@lnp2pBot - Depósito en garantía Orden #67c471429141fea0bd925968 - VENTA x USD 50 - SE CONGELA EN BILLETERA. Se libera una vez ejecute /release. Retorna a la wallet si el comprador no confirma el pago
2025-03-03T12:30:55.661Z,8fdde5c6-6da5-4c7d-9984-cbb522f4ab97,lightning_sent,-149165268,138.6882 USD,0,0,0.0000 USD,598268,0.5562 USD,f8b627074173077ce018acc3b2b129f2db17525d172bcca0c650728f1642f7a4,,0380c5536d70b81137cb72fc71c262f50a3ec5a6fa9e517ef3637d889fb0b7e3db,@lnp2pBot - Depósito en garantía Orden #67c59bbb55119a3f6935ca15 - VENTA x USD 140 - SE CONGELA EN BILLETERA. Se libera una vez ejecute /release. Retorna a la wallet si el comprador no confirma el pago
2025-03-03T12:40:20.292Z,d2e254bb-83ce-4128-9652-36a0e5dfd8ff,lightning_sent,-50014244,46.5013 USD,0,0,0.0000 USD,203244,0.1889 USD,79e6af9573d7481da73b0e8667d12d7923d018366ba5b6957519d398f321250c,,0380c5536d70b81137cb72fc71c262f50a3ec5a6fa9e517ef3637d889fb0b7e3db,@lnp2pBot - Depósito en garantía Orden #67c5905e55119a3f6935c3cf - VENTA x USD 46 - SE CONGELA EN BILLETERA. Se libera una vez ejecute /release. Retorna a la wallet si el comprador no confirma el pago
2025-03-04T18:17:53.038Z,99ee695b-0b07-4195-8b20-ab1507b05772,swap_in,2385365000,2049.0991 USD,0,416,0.3573 USD,0,0.0000 USD,,43c416866373b3a2953200f40476a139782c74bdb069bbb472177026b23ce49f,,
2025-03-04T18:28:19.332Z,a2c488e0-b6c7-4dcc-af84-5e6e6f010a7e,lightning_sent,-121664704,104.5135 USD,0,0,0.0000 USD,488704,0.4198 USD,e76e496e8a4f1650a3502417663ffb38e07dbf623671ae2c8e2fd20abdbade32,,0380c5536d70b81137cb72fc71c262f50a3ec5a6fa9e517ef3637d889fb0b7e3db,@lnp2pBot - Depósito en garantía Orden #67c7174b55119a3f693741de - VENTA x EUR 100 - SE CONGELA EN BILLETERA. Se libera una vez ejecute /release. Retorna a la wallet si el comprador no confirma el pago
2025-03-04T18:28:19.343Z,c5132968-d8a9-48c0-9329-552c68abe459,lightning_sent,-180633640,155.1696 USD,0,0,0.0000 USD,723640,0.6216 USD,693e5b3e23e6edca36ed54982eb3dcfe8676e7a096c8dfd679a68cef1de9305b,,0380c5536d70b81137cb72fc71c262f50a3ec5a6fa9e517ef3637d889fb0b7e3db,@lnp2pBot - Depósito en garantía Orden #67c6ea7e55119a3f6936ec88 - VENTA x EUR 150 - SE CONGELA EN BILLETERA. Se libera una vez ejecute /release. Retorna a la wallet si el comprador no confirma el pago
2025-03-04T18:46:02.507Z,118ea99f-1b3f-49e0-9a51-acad403cbaa3,lightning_sent,-249786148,214.5736 USD,0,0,0.0000 USD,999148,0.8582 USD,c5b0bc9c510e6f189ea982e2a448fc0d428cdc1ef33d3a2dc055d0d66485588f,,0380c5536d70b81137cb72fc71c262f50a3ec5a6fa9e517ef3637d889fb0b7e3db,@lnp2pBot - Depósito en garantía Orden #67c6e17b55119a3f6936dfc8 - VENTA x EUR 200 - SE CONGELA EN BILLETERA. Se libera una vez ejecute /release. Retorna a la wallet si el comprador no confirma el pago
2025-03-04T18:38:08.408Z,a53e4abf-abea-4005-93e5-480a83859a9c,lightning_sent,-295759308,254.0660 USD,0,0,0.0000 USD,1182308,1.0156 USD,21c89bf48db615287bb6c2457294ea271256bee4d68331f366ae60d5d82b3d23,,0380c5536d70b81137cb72fc71c262f50a3ec5a6fa9e517ef3637d889fb0b7e3db,@lnp2pBot - Depósito en garantía Orden #67c6e15f55119a3f6936df6b - VENTA x USD 250 - SE CONGELA EN BILLETERA. Se libera una vez ejecute /release. Retorna a la wallet si el comprador no confirma el pago
2025-03-07T15:32:39.907Z,5c87d640-92a1-4ac1-aea3-543d4231f1b7,lightning_sent,-54848504,49.3655 USD,0,0,0.0000 USD,222504,0.2002 USD,d04d719c6440f3080dbdbf670e5551f59985c48ede3b0f5909262ef3ac571f8c,,0380c5536d70b81137cb72fc71c262f50a3ec5a6fa9e517ef3637d889fb0b7e3db,@lnp2pBot - Depósito en garantía Orden #67cb036855119a3f693ad8fb - VENTA x COP 200000 - SE CONGELA EN BILLETERA. Se libera una vez ejecute /release. Retorna a la wallet si el comprador no confirma el pago
2025-03-07T15:47:07.455Z,1e09ac69-faff-4dff-aee6-595b348a4848,lightning_sent,-60624516,53.6713 USD,0,0,0.0000 USD,245516,0.2173 USD,acffe6146db3d0ae7fb2aa1c23295c49bb1ded2fce1bd7fda8a7da7fcad1efdf,,0380c5536d70b81137cb72fc71c262f50a3ec5a6fa9e517ef3637d889fb0b7e3db,@lnp2pBot - Depósito en garantía Orden #67cb106d55119a3f693afbcc - VENTA x EUR 50 - SE CONGELA EN BILLETERA. Se libera una vez ejecute /release. Retorna a la wallet si el comprador no confirma el pago
2025-03-07T15:45:52.349Z,3a0ae9f9-2965-4110-b275-e63e847fab5d,lightning_sent,-24499592,21.6896 USD,0,0,0.0000 USD,101592,0.0899 USD,8cc089f1117cbd52ca3c05c1f920a753e3a4a66b6bf9869046ea2ba71f99f8fc,,0380c5536d70b81137cb72fc71c262f50a3ec5a6fa9e517ef3637d889fb0b7e3db,@lnp2pBot - Depósito en garantía Orden #67cab55955119a3f693a7c36 - VENTA x EUR 20 - SE CONGELA EN BILLETERA. Se libera una vez ejecute /release. Retorna a la wallet si el comprador no confirma el pago
2025-03-07T16:33:30.898Z,36e8ff96-e5ec-40fc-8e9f-050a159e8286,lightning_sent,-183635600,162.4639 USD,0,0,0.0000 USD,735600,0.6507 USD,80646385c6b9a7687b850954df3197e1bfd08b66af2395504ac90dddd8517214,,0380c5536d70b81137cb72fc71c262f50a3ec5a6fa9e517ef3637d889fb0b7e3db,@lnp2pBot - Depósito en garantía Orden #67caaab255119a3f693a7922 - VENTA x EUR 150 - SE CONGELA EN BILLETERA. Se libera una vez ejecute /release. Retorna a la wallet si el comprador no confirma el pago
2025-03-07T17:27:13.924Z,11292ce5-7a8b-4f62-9e20-8fb5ce846c88,lightning_sent,-27741508,24.5431 USD,0,0,0.0000 USD,114508,0.1013 USD,cfd2e933e7a9387f9d4a7fc8ced9c7748018966f583388952cf64c2b7abf361c,,0380c5536d70b81137cb72fc71c262f50a3ec5a6fa9e517ef3637d889fb0b7e3db,@lnp2pBot - Depósito en garantía Orden #67c9d9c655119a3f6939c11f - VENTA x COP 100000 - SE CONGELA EN BILLETERA. Se libera una vez ejecute /release. Retorna a la wallet si el comprador no confirma el pago
2025-03-07T19:11:02.065Z,0203c55f-2c0e-43c6-bdb0-73ef73084608,lightning_sent,-107957092,94.1610 USD,0,0,0.0000 USD,434092,0.3786 USD,cb8e6fe36099bf0014634089855d36f148e3288f7057c3878b84ecba06183a80,,0380c5536d70b81137cb72fc71c262f50a3ec5a6fa9e517ef3637d889fb0b7e3db,@lnp2pBot - Depósito en garantía Orden #67cb30f755119a3f693b3a7d - VENTA x EUR 87 - SE CONGELA EN BILLETERA. Se libera una vez ejecute /release. Retorna a la wallet si el comprador no confirma el pago
2025-03-07T19:11:02.045Z,8b74973e-979d-4f3c-9a4e-bcd143cc319b,lightning_sent,-18429408,16.0742 USD,0,0,0.0000 USD,77408,0.0675 USD,25d61986ef4cd38fe216ec7cb42595d9d610ace44dd6f2d6a2652ec6ee0767ab,,0380c5536d70b81137cb72fc71c262f50a3ec5a6fa9e517ef3637d889fb0b7e3db,@lnp2pBot - Depósito en garantía Orden #67cb3a6155119a3f693b463f - VENTA x EUR 15 - SE CONGELA EN BILLETERA. Se libera una vez ejecute /release. Retorna a la wallet si el comprador no confirma el pago
2025-03-08T01:04:23.158Z,a10f6495-255c-4c37-b71f-c3a0c2a3efe7,lightning_sent,-283838816,246.2656 USD,0,0,0.0000 USD,1134816,0.9845 USD,c8f3710af23e18444d7d06c61a2dbc37b5b443958048e908a8e7d26d1e410f0f,,0380c5536d70b81137cb72fc71c262f50a3ec5a6fa9e517ef3637d889fb0b7e3db,@lnp2pBot - Depósito en garantía Orden #67cb8fb555119a3f693bb179 - VENTA x COP 1000000 - SE CONGELA EN BILLETERA. Se libera una vez ejecute /release. Retorna a la wallet si el comprador no confirma el pago
2025-03-08T01:22:56.752Z,1c8e4402-d98c-42fa-9fa9-1f62ae5c8fba,lightning_sent,-8518924,7.3912 USD,0,0,0.0000 USD,37924,0.0329 USD,f69e24add924a74b89d9a95466314eb9b58fc0fef4e03d86cd86a07abea5dd2a,,0380c5536d70b81137cb72fc71c262f50a3ec5a6fa9e517ef3637d889fb0b7e3db,@lnp2pBot - Depósito en garantía Orden #67cb954355119a3f693bb582 - VENTA x COP 30000 - SE CONGELA EN BILLETERA. Se libera una vez ejecute /release. Retorna a la wallet si el comprador no confirma el pago
2025-03-11T14:40:40.585Z,d4d2f2a2-2fa8-438a-9a43-7f366fa52cee,lightning_sent,-9661476,,0,0,,42476,,7dbeb365502e3bdf9f4462efe3b18d26c8ecf579527e978096174d17aa12ce16,,0380c5536d70b81137cb72fc71c262f50a3ec5a6fa9e517ef3637d889fb0b7e3db,@lnp2pBot - Depósito en garantía Orden #67d0482455119a3f694018d5 - VENTA x COP 32000 - SE CONGELA EN BILLETERA. Se libera una vez ejecute /release. Retorna a la wallet si el comprador no confirma el pago
2025-03-11T14:58:00.251Z,c24d22ed-3ac8-4f36-b37d-5219a021e927,lightning_sent,-27769620,,0,0,,114620,,b8ce6d6d263730bfdadb2d21c9885ba5aec3c28e562f84fdb342780ef2394524,,0380c5536d70b81137cb72fc71c262f50a3ec5a6fa9e517ef3637d889fb0b7e3db,@lnp2pBot - Depósito en garantía Orden #67d047f955119a3f6940180b - VENTA x COP 92000 - SE CONGELA EN BILLETERA. Se libera una vez ejecute /release. Retorna a la wallet si el comprador no confirma el pago
2025-03-11T17:01:59.913Z,b67c8e08-2b14-4346-9c5d-8ad224c6012a,lightning_sent,-30277612,,0,0,,124612,,7f59ea313affb4a360c8cdcf4632701fac45c9a597105df8322ba5eb6bf0f827,,0380c5536d70b81137cb72fc71c262f50a3ec5a6fa9e517ef3637d889fb0b7e3db,@lnp2pBot - Depósito en garantía Orden #67cf5fac55119a3f693f4afd - VENTA x COP 100000 - SE CONGELA EN BILLETERA. Se libera una vez ejecute /release. Retorna a la wallet si el comprador no confirma el pago
2025-03-11T18:55:33.405Z,9afcd8e8-3aa4-449d-88e3-301f1c4938a6,lightning_sent,-59221928,,0,0,,239928,,7d7a9a9d73d7d5002f7461e401f3219b3f18afed86cf4156ad58b058f5738366,,0380c5536d70b81137cb72fc71c262f50a3ec5a6fa9e517ef3637d889fb0b7e3db,@lnp2pBot - Depósito en garantía Orden #67d07e0e55119a3f69407488 - VENTA x COP 200000 - SE CONGELA EN BILLETERA. Se libera una vez ejecute /release. Retorna a la wallet si el comprador no confirma el pago
2025-03-11T19:13:12.178Z,67ef6393-3314-41be-b822-71b55521583a,lightning_sent,-30032636,,0,0,,123636,,e09fe6b29a2ce64d0994c62f0437914108bdb9d291e2a7c8a3ac30eb2c4f1d0f,,0380c5536d70b81137cb72fc71c262f50a3ec5a6fa9e517ef3637d889fb0b7e3db,@lnp2pBot - Depósito en garantía Orden #67d04b7855119a3f694021d3 - VENTA x COP 100000 - SE CONGELA EN BILLETERA. Se libera una vez ejecute /release. Retorna a la wallet si el comprador no confirma el pago
2025-03-11T20:26:56.197Z,bef8ad54-eb12-4341-857d-8ee16825b091,lightning_sent,-14616216,,0,0,,62216,,c2bb971f90686b4296c2badc8a4b4f38188eeedb4e63ff0837d7d877371aa573,,0380c5536d70b81137cb72fc71c262f50a3ec5a6fa9e517ef3637d889fb0b7e3db,@lnp2pBot - Depósito en garantía Orden #67d0864055119a3f69407e77 - VENTA x COP 50000 - SE CONGELA EN BILLETERA. Se libera una vez ejecute /release. Retorna a la wallet si el comprador no confirma el pago
2025-03-14T15:25:01.098Z,76e13d5d-2572-4792-8b7d-f1e05f916d93,lightning_sent,-48611656,,0,0,,197656,,981967be0e9161215e2c6912f5aa3e198151f8dbf73c3f9cada83000cf74aa2d,,0380c5536d70b81137cb72fc71c262f50a3ec5a6fa9e517ef3637d889fb0b7e3db,@lnp2pBot - Depósito en garantía Orden #67d430f555119a3f69436d42 - VENTA x COP 165000 - SE CONGELA EN BILLETERA. Se libera una vez ejecute /release. Retorna a la wallet si el comprador no confirma el pago
2025-03-19T21:01:51.282Z,ee3dc1cc-1fcd-4bff-babe-7fad7d095031,lightning_sent,-47796408,40.8059 USD,0,0,0.0000 USD,194408,0.1659 USD,a57dd5a9da7ae15c5f67451f7960391aa28fcc146d3511d2f00537466de2f9d5,,0380c5536d70b81137cb72fc71c262f50a3ec5a6fa9e517ef3637d889fb0b7e3db,@lnp2pBot - Depósito en garantía Orden #67db194b55119a3f69490b5c - VENTA x COP 165000 - SE CONGELA EN BILLETERA. Se libera una vez ejecute /release. Retorna a la wallet si el comprador no confirma el pago
2025-03-19T22:53:04.553Z,7cc99aec-d00d-47cc-9956-4bd6ce5bb64a,lightning_sent,-14978660,12.9260 USD,0,0,0.0000 USD,63660,0.0549 USD,7c50dbf710f28a5ea12e27239d1d5ab7916bb6db4bc732652bd6d42111143216,,0380c5536d70b81137cb72fc71c262f50a3ec5a6fa9e517ef3637d889fb0b7e3db,@lnp2pBot - Depósito en garantía Orden #67db331255119a3f69492449 - VENTA x COP 51000 - SE CONGELA EN BILLETERA. Se libera una vez ejecute /release. Retorna a la wallet si el comprador no confirma el pago
2025-03-20T20:21:07.143Z,640ff250-e477-45e4-9eed-fffda30e9049,lightning_sent,-29018596,24.4395 USD,0,0,0.0000 USD,119596,0.1007 USD,024d2865016c02d292fc3b8a1e133c49e45b0c4deb568cedf244275f9b6beac6,,0380c5536d70b81137cb72fc71c262f50a3ec5a6fa9e517ef3637d889fb0b7e3db,@lnp2pBot - Depósito en garantía Orden #67dc12e855119a3f6949b7ea - VENTA x COP 100000 - SE CONGELA EN BILLETERA. Se libera una vez ejecute /release. Retorna a la wallet si el comprador no confirma el pago
2025-03-27T13:38:48.428Z,6e829db4-cd1b-4e78-bbdd-3a78b5df0f80,lightning_sent,-42638860,36.9483 USD,0,0,0.0000 USD,173860,0.1506 USD,491b86a918a1070d509ff877db0057c20e659447d1ef94b0ed1c95d528153cbf,,0380c5536d70b81137cb72fc71c262f50a3ec5a6fa9e517ef3637d889fb0b7e3db,@lnp2pBot - Depósito en garantía Orden #67e54e4555119a3f69520f87 - VENTA x COP 150000 - SE CONGELA EN BILLETERA. Se libera una vez ejecute /release. Retorna a la wallet si el comprador no confirma el pago
2025-03-30T16:25:36.801Z,2163ea4e-24bd-4814-9e3c-303563cbb5c4,lightning_sent,-2937688,2.4298 USD,0,0,0.0000 USD,15688,0.0129 USD,55fc86c2da5e3638dc17161741861455e0bed5c392eb2f24fef9af60eb3a229c,,0380c5536d70b81137cb72fc71c262f50a3ec5a6fa9e517ef3637d889fb0b7e3db,@lnp2pBot - Depósito en garantía Orden #67e9632155119a3f6955d002 - VENTA x COP 10000 - SE CONGELA EN BILLETERA. Se libera una vez ejecute /release. Retorna a la wallet si el comprador no confirma el pago
2025-04-01T21:54:58.569Z,c46962ae-76a2-4d2a-8b1a-af4509dcf988,lightning_sent,-2908572,2.4833 USD,0,0,0.0000 USD,15572,0.0132 USD,9787dabb922fd5b2ee3c87abfe3a301a128fb5f5f8a101a132cd6355c47c2cfa,,0380c5536d70b81137cb72fc71c262f50a3ec5a6fa9e517ef3637d889fb0b7e3db,@lnp2pBot - Depósito en garantía Orden #67ec5e3655119a3f6958a5bf - VENTA x COP 10000 - SE CONGELA EN BILLETERA. Se libera una vez ejecute /release. Retorna a la wallet si el comprador no confirma el pago
2025-04-02T23:54:13.445Z,19110e82-bd40-42ec-81d8-feb73df0e314,lightning_sent,-29523608,24.3542 USD,0,0,0.0000 USD,121608,0.1003 USD,f891bbe03aec08c238916310b397edf9225d4cca2197701204d19b0031adb3de,,0380c5536d70b81137cb72fc71c262f50a3ec5a6fa9e517ef3637d889fb0b7e3db,@lnp2pBot - Depósito en garantía Orden #67edc89655119a3f695a1879 - VENTA x COP 100000 - SE CONGELA EN BILLETERA. Se libera una vez ejecute /release. Retorna a la wallet si el comprador no confirma el pago
2025-04-03T00:12:58.833Z,d0f9fd94-6e89-46e9-9421-7c3b2a69a940,lightning_sent,-14773844,12.1870 USD,0,0,0.0000 USD,62844,0.0518 USD,8330a009709ccb4b9b498b64ff2f16545d301bb0eff8a96466912c52f6020d82,,0380c5536d70b81137cb72fc71c262f50a3ec5a6fa9e517ef3637d889fb0b7e3db,@lnp2pBot - Depósito en garantía Orden #67ed9e2555119a3f6959f0a8 - VENTA x COP 50000 - SE CONGELA EN BILLETERA. Se libera una vez ejecute /release. Retorna a la wallet si el comprador no confirma el pago
2025-04-05T13:06:25.643Z,b2c92904-83e4-4d95-92b3-98f767c6c423,lightning_sent,-10283956,8.5584 USD,0,0,0.0000 USD,44956,0.0374 USD,27feceb416b5b7faf1cda4a2b541e29654efd1b501022c9813b4dbc1ab2ba388,,0380c5536d70b81137cb72fc71c262f50a3ec5a6fa9e517ef3637d889fb0b7e3db,@lnp2pBot - Depósito en garantía Orden #67f1292b3ce9bce1a9cf23a8 - VENTA x COP 35000 - SE CONGELA EN BILLETERA. Se libera una vez ejecute /release. Retorna a la wallet si el comprador no confirma el pago
2025-04-11T01:17:01.778Z,77d29fe7-b5ad-4c50-a977-9282ee11bac2,lightning_received,1457614,1.1559 USD,0,0,0.0000 USD,0,0.0000 USD,77d29fe7b5adfc50e9779282ee11bac2b0986c2b7eef4594fb67d29fcd64da9f,,,
2025-04-11T01:20:45.578Z,e0ddf03b-02c1-41ca-97a3-9bcf7932212c,lightning_received,7116000,5.6434 USD,0,0,0.0000 USD,0,0.0000 USD,e0ddf03b02c1d1ca97a39bcf7932212c8378c08481b07be49a20bd8f23ccef39,,,
2025-04-14T15:34:53.440Z,ac4ab9f5-2d6c-4a50-a63e-a14b9f938140,lightning_sent,-10090184,8.5405 USD,0,0,0.0000 USD,44184,0.0373 USD,5defa3e3c5f08e93cfc26bf09d19e75d76ad8b03160994f40e13d644c0aaa89e,,0380c5536d70b81137cb72fc71c262f50a3ec5a6fa9e517ef3637d889fb0b7e3db,@lnp2pBot - Depósito en garantía Orden #67fd09023ce9bce1a9d981e7 - VENTA x COP 35000 - SE CONGELA EN BILLETERA. Se libera una vez ejecute /release. Retorna a la wallet si el comprador no confirma el pago
2025-04-16T14:49:19.892Z,5723ed30-cffe-42eb-8065-5a28793eb65d,lightning_sent,-17553920,14.8653 USD,0,0,0.0000 USD,73920,0.0625 USD,4a904cadcd7f94e4e6d880e6e20b66ac855ad7c918fd1f3a725a7ef79be8952a,,0380c5536d70b81137cb72fc71c262f50a3ec5a6fa9e517ef3637d889fb0b7e3db,@lnp2pBot - Depósito en garantía Orden #67ffc27e3ce9bce1a9dba8b9 - VENTA x COP 61000 - SE CONGELA EN BILLETERA. Se libera una vez ejecute /release. Retorna a la wallet si el comprador no confirma el pago
2025-05-07T14:18:40.833Z,c047cbbf-77d4-4329-96bc-f4207a0e98ec,lightning_sent,-2947728,2.8603 USD,0,0,0.0000 USD,15728,0.0152 USD,62c6da606e626252354e052cb035ce1cf523de0867f953abf510c1abb8d43651,,0380c5536d70b81137cb72fc71c262f50a3ec5a6fa9e517ef3637d889fb0b7e3db,@lnp2pBot - Depósito en garantía Orden #681ac60a124e1a7cbf204dcd - VENTA x COP 12000 - SE CONGELA EN BILLETERA. Se libera una vez ejecute /release. Retorna a la wallet si el comprador no confirma el pago
2025-05-08T19:55:26.268Z,0df7b25c-a86b-40b8-a9cd-debd061d3b36,lightning_sent,-4726816,4.7897 USD,0,0,0.0000 USD,22816,0.0231 USD,e4112696a4fef87795b5e9c41a819459fbc44fb8d4b798f003ab3d8f13e1203e,,0380c5536d70b81137cb72fc71c262f50a3ec5a6fa9e517ef3637d889fb0b7e3db,@lnp2pBot - Depósito en garantía Orden #681cf66a124e1a7cbf2255ac - VENTA x COP 20000 - SE CONGELA EN BILLETERA. Se libera una vez ejecute /release. Retorna a la wallet si el comprador no confirma el pago
2025-05-10T15:14:27.304Z,135a81ab-ac20-4a68-bf57-59bc31ed917d,lightning_sent,-4638464,4.8006 USD,0,0,0.0000 USD,22464,0.0232 USD,d79d66d054d6faf0b9112ed972e91d7a4aa87560e3edc1c25d22c033c8395039,,0380c5536d70b81137cb72fc71c262f50a3ec5a6fa9e517ef3637d889fb0b7e3db,@lnp2pBot - Depósito en garantía Orden #681f43fe124e1a7cbf2427fa - VENTA x COP 20000 - SE CONGELA EN BILLETERA. Se libera una vez ejecute /release. Retorna a la wallet si el comprador no confirma el pago
2025-05-10T19:50:00.250Z,4cf8c939-b69d-449d-847d-b873d2520173,lightning_sent,-4836252,4.9860 USD,0,0,0.0000 USD,23252,0.0239 USD,0f091a484241971a651543ccde10504b3970583cb68e54bdedb97ac210854cee,,0380c5536d70b81137cb72fc71c262f50a3ec5a6fa9e517ef3637d889fb0b7e3db,@lnp2pBot - Depósito en garantía Orden #681f8cdb124e1a7cbf248437 - VENTA x COP 20000 - SE CONGELA EN BILLETERA. Se libera una vez ejecute /release. Retorna a la wallet si el comprador no confirma el pago
2025-05-12T01:39:36.112Z,c2271724-ffd8-4079-ab09-aed3a7b1450d,lightning_sent,-4582240,4.7932 USD,0,0,0.0000 USD,22240,0.0232 USD,6f6c87b1aef668a44b6a225ce9182b4e92997698a446dbcd13f55a059cae5575,,0380c5536d70b81137cb72fc71c262f50a3ec5a6fa9e517ef3637d889fb0b7e3db,@lnp2pBot - Depósito en garantía Orden #68211ec2124e1a7cbf25d251 - VENTA x COP 20000 - SE CONGELA EN BILLETERA. Se libera una vez ejecute /release. Retorna a la wallet si el comprador no confirma el pago
2025-05-18T16:20:06.605Z,a3f3b79a-66ac-4727-8dd1-5abdcfd7d597,lightning_sent,-5022996,5.2715 USD,0,0,0.0000 USD,23996,0.0251 USD,eaa4af0b404bb37030687484e8032c03e30bf6f37857f7de2833b369419b2385,,0380c5536d70b81137cb72fc71c262f50a3ec5a6fa9e517ef3637d889fb0b7e3db,@lnp2pBot - Depósito en garantía Orden #6829e088e95d9a8ac7592770 - VENTA x COP 21000 - SE CONGELA EN BILLETERA. Se libera una vez ejecute /release. Retorna a la wallet si el comprador no confirma el pago
2025-05-22T19:04:58.525Z,ba998e5c-3295-4c7c-8633-8f23c83a13c8,lightning_sent,-5791056,6.4757 USD,0,0,0.0000 USD,27056,0.0302 USD,ceb50f4457d43f7c97e1bf52043d764b9051e0f334b5b692c37e5c8ec5777453,,0380c5536d70b81137cb72fc71c262f50a3ec5a6fa9e517ef3637d889fb0b7e3db,@lnp2pBot - Depósito en garantía Orden #682f63ece95d9a8ac75e8a1e - VENTA x COP 25000 - SE CONGELA EN BILLETERA. Se libera una vez ejecute /release. Retorna a la wallet si el comprador no confirma el pago
2025-05-26T15:49:31.345Z,df4baedc-17b2-4180-8a60-53dec0f21156,lightning_sent,-4867376,5.3396 USD,0,0,0.0000 USD,23376,0.0256 USD,2b2728fa3c7759accf6a7467c8d627aacba96f79c13b6cc4ee453a03ff3d8068,,0380c5536d70b81137cb72fc71c262f50a3ec5a6fa9e517ef3637d889fb0b7e3db,@lnp2pBot - Depósito en garantía Orden #68346d71e95d9a8ac762c0d2 - VENTA x COP 21000 - SE CONGELA EN BILLETERA. Se libera una vez ejecute /release. Retorna a la wallet si el comprador no confirma el pago
2025-06-03T13:57:28.526Z,6ac9c44e-8b1f-4bd2-b4d9-42d4e2c02529,lightning_sent,-4808140,5.0800 USD,0,0,0.0000 USD,23140,0.0244 USD,3408cf21ef2cd262fbe6dcc53df1cc64850f1bf34d2f26a7c4b9c0391476e032,,0380c5536d70b81137cb72fc71c262f50a3ec5a6fa9e517ef3637d889fb0b7e3db,@lnp2pBot - Depósito en garantía Orden #683ef2d5e95d9a8ac76c1017 - VENTA x COP 20500 - SE CONGELA EN BILLETERA. Se libera una vez ejecute /release. Retorna a la wallet si el comprador no confirma el pago
2025-06-09T13:44:06.073Z,cf248d5f-3905-4149-8deb-5b267644829a,lightning_sent,-23538764,25.3363 USD,0,0,0.0000 USD,97764,0.1052 USD,f16958d7d3c34378866ba9bf6b48fed0735dcbfe897c5905344446ecc4783fb5,,0380c5536d70b81137cb72fc71c262f50a3ec5a6fa9e517ef3637d889fb0b7e3db,@lnp2pBot - Depósito en garantía Orden #68461d1ae95d9a8ac7726909 - VENTA x COP 100000 - SE CONGELA EN BILLETERA. Se libera una vez ejecute /release. Retorna a la wallet si el comprador no confirma el pago
2025-06-09T13:53:05.352Z,d651af07-87ec-4ebe-b190-9a73e398dfbf,lightning_sent,-23772696,25.5881 USD,0,0,0.0000 USD,98696,0.1062 USD,02e47e082d84e498299f01760f880625c90ca64e32c76af71c34211c41cee62e,,0380c5536d70b81137cb72fc71c262f50a3ec5a6fa9e517ef3637d889fb0b7e3db,@lnp2pBot - Depósito en garantía Orden #6845fea4e95d9a8ac7724ee3 - VENTA x COP 100000 - SE CONGELA EN BILLETERA. Se libera una vez ejecute /release. Retorna a la wallet si el comprador no confirma el pago
2025-06-09T14:50:38.092Z,5f3a0b36-01c7-4db2-94b5-aa79ab75ee33,lightning_sent,-4754928,5.1187 USD,0,0,0.0000 USD,22928,0.0246 USD,bae929695053dc51d474728f53b2237d524319da263886e0b447ee888fb0b600,,0380c5536d70b81137cb72fc71c262f50a3ec5a6fa9e517ef3637d889fb0b7e3db,@lnp2pBot - Depósito en garantía Orden #6846ea69e95d9a8ac772d450 - VENTA x COP 20000 - SE CONGELA EN BILLETERA. Se libera una vez ejecute /release. Retorna a la wallet si el comprador no confirma el pago
2025-06-09T22:02:51.706Z,654caf9e-dd21-4bb7-9634-d145333c453d,lightning_sent,-46731164,51.0643 USD,0,0,0.0000 USD,190164,0.2077 USD,b0f6f043548529c8cf96d63fc7f8d8a97296b968eb32981e060b5541d05237c8,,0380c5536d70b81137cb72fc71c262f50a3ec5a6fa9e517ef3637d889fb0b7e3db,@lnp2pBot - Depósito en garantía Orden #68471dfde95d9a8ac7731887 - VENTA x COP 200000 - SE CONGELA EN BILLETERA. Se libera una vez ejecute /release. Retorna a la wallet si el comprador no confirma el pago
2025-06-09T22:02:51.736Z,e0517517-b9d1-4167-9454-f14d0cd385e1,lightning_sent,-68720772,75.0929 USD,0,0,0.0000 USD,277772,0.3035 USD,99d6d926c95234673bb954f0bd532497009961aa47fe25e839fe032e32ba389c,,0380c5536d70b81137cb72fc71c262f50a3ec5a6fa9e517ef3637d889fb0b7e3db,@lnp2pBot - Depósito en garantía Orden #6847401be95d9a8ac7734251 - VENTA x COP 300000 - SE CONGELA EN BILLETERA. Se libera una vez ejecute /release. Retorna a la wallet si el comprador no confirma el pago
2025-07-16T16:03:58.262Z,325a6738-73f4-4af1-be4f-f1bb042e25bb,lightning_sent,-426684,0.5095 USD,0,0,0.0000 USD,5684,0.0067 USD,8fa18f235375830d1142a93e0c80b2122f0f66710c70dc63d29ebba9a15c445c,,035e4ff418fc8b5554c5d9eea66396c227bd429a3251c8cbc711002ba215bfc226,Fabian 421
2025-12-19T22:59:39.388Z,0a6c2e96-00af-49f5-8ccf-e445c88470ad,channel_close,-1500271000,1323.0849 USD,0,0,0.0000 USD,0,0.0000 USD,,7eb1dd21b7398ee2c01e9f8720fe1779a6e03a871e4500496c60c0364c6185f1,bc1qf6zsysau4krvlv68u9q83eyemc7a0fw3grp9lm,
